Academic_ID,First_Name,Last_Name,Email,CNIC,Phone,User_ID
103,Aamir, Abbas ,Aamir@nu.edu.pk,24786-5431029-3,518-834291,5419
526,Aarif, Abbasi,Aarif@nu.edu.pk,24786-5431029-4,518-834292,6743
941,Aashir, Abdul,Aashir@nu.edu.pk,24786-5431029-5,518-834293,8298
670,Abdul,Ahmad,Abdul@nu.edu.pk,24786-5431029-6,518-834294,3867
819,Abid,Ahmed,Abid@nu.edu.pk,24786-5431029-7,518-834295,4225
587,Abraar, Akbar,Abraar@nu.edu.pk,24786-5431029-8,518-834296,1784
359,Adil, Ali,Adil@nu.edu.pk,24786-5431029-9,518-834297,8356
752,Afan, Amin,Afan@nu.edu.pk,24786-5431029-10,518-834298,2068
408,Afaq, Amir,Afaq@nu.edu.pk,24786-5431029-11,518-834299,9361
245,Aftab, Anwar,Aftab@nu.edu.pk,24786-5431029-12,518-834300,3971
974,Ahmed, Arif,Ahmed@nu.edu.pk,24786-5431029-13,518-834301,1965
138,Akbar,Asghar,Akbar@nu.edu.pk,24786-5431029-14,518-834302,6357
613,Akhtar, Ashraf,Akhtar@nu.edu.pk,24786-5431029-15,518-834303,5591
382,Ali, Baig,Ali@nu.edu.pk,24786-5431029-16,518-834304,3218
796,Aman, Bajwa,Aman@nu.edu.pk,24786-5431029-17,518-834305,7625
501,Ameer,Baloch,Ameer@nu.edu.pk,24786-5431029-18,518-834306,8619
239,Amir, Bashir,Amir@nu.edu.pk,24786-5431029-19,518-834307,6142
867,Amjad, Bhatti,Amjad@nu.edu.pk,24786-5431029-20,518-834308,1056
417,Anas, Bukhari,Anas@nu.edu.pk,24786-5431029-21,518-834309,2586
732,Anwar,Monas,Anwar@nu.edu.pk,24786-5431029-22,518-834310,5137
