Teacher_ID,First_Name,Last_Name,Email,CNIC,Phone_Number,User_ID
195,Arham, Chaudhry,arham.chaudhry@nu.edu.pk,17023-5948670-8,518-446293,5137
926,Arif, Cheema,arif.cheema@nu.edu.pk,17023-5948670-9,518-446294,2085
678,Arman, Chishti,arman.chishti@nu.edu.pk,17023-5948670-10,518-446295,7496
350,Asad, Dar,asad.dar@nu.edu.pk,17023-5948670-11,518-446296,4629
824,Asif, Dogar,asif.dogar@nu.edu.pk,17023-5948670-12,518-446297,6289
593,Asim, Farooq,asim.farooq@nu.edu.pk,17023-5948670-13,518-446298,7951
401,Atif,Fazal,atif.fazal@nu.edu.pk,17023-5948670-14,518-446299,2189
143,Ayan,Ghani,ayan.ghani@nu.edu.pk,17023-5948670-15,518-446300,7036
769,Ayesha,Ghulam,ayesha.ghulam@nu.edu.pk,17023-5948670-16,518-446301,3167
285,Azam,Gilani,azam.gilani@nu.edu.pk,17023-5948670-17,518-446302,1503
923,Azhar, Hameed,azhar.hameed@nu.edu.pk,17023-5948670-18,518-446303,6103
571,Aziz, Haq,aziz.haq@nu.edu.pk,17023-5948670-19,518-446304,3146
608,Babar,Hassan,babar.hassan@nu.edu.pk,17023-5948670-20,518-446305,6750
429,Badar,Hussain,badar.hussain@nu.edu.pk,17023-5948670-21,518-446306,8719
157,Bashir,Hussaini,bashir.hussaini@nu.edu.pk,17023-5948670-22,518-446307,9806
846,Bilal,Iqbal,bilal.iqbal@nu.edu.pk,17023-5948670-23,518-446308,7276
376,Faheem,Islam,faheem.islam@nu.edu.pk,17023-5948670-24,518-446309,8792
519,Faiz,Javed,faiz.javed@nu.edu.pk,17023-5948670-25,518-446310,8510
280,Faizan,Jhangvi,faizan.jhangvi@nu.edu.pk,17023-5948670-26,518-446311,5721
702,Faisal,Joyia,faisal.joyia@nu.edu.pk,17023-5948670-27,518-446312,5021
198,Fakhar,Kadri,fakhar.kadri@nu.edu.pk,17023-5948670-28,518-446313,7473
458,Faraz,Kamal,faraz.kamal@nu.edu.pk,17023-5948670-29,518-446314,2697
967,Farhan,Karamat,farhan.karamat@nu.edu.pk,17023-5948670-30,518-446315,6315
214,Farooq,Kazmi,farooq.kazmi@nu.edu.pk,17023-5948670-31,518-446316,4140
683,Farrukh,Khaki,farrukh.khaki@nu.edu.pk,17023-5948670-32,518-446317,1929
342,Fawad,Khan,fawad.khan@nu.edu.pk,17023-5948670-33,518-446318,6408
896,Fazal,Khattak,fazal.khattak@nu.edu.pk,17023-5948670-34,518-446319,9586
156,Ghulam,Khawaja,ghulam.khawaja@nu.edu.pk,17023-5948670-35,518-446320,7402
751,Hammad,Kiani,hammad.kiani@nu.edu.pk,17023-5948670-36,518-446321,9530
397,Hamza, Khalid,hamza.khalid@nu.edu.pk,17023-5948670-37,518-446322,7092