Roll_Number,First_Name,Last_Name,Email,CNIC,Phone_Number,Batch ,Section,DOB,Gender,Father_Name,User_ID
21i-7421,Haris,Khokhar,i217421@nu.edu.pk,45231-0867935-4,915369081,21,CS-4A,22/01/2004,Male,Ali Raza,3265
21i-8889,Hasan,Khursheed,i218889@nu.edu.pk,45231-0867935-5,917-316259,21,CS-4A,17/11/2002,Male,Ahmed Ali,7328
21i-9646,Haider,Lodhi,i219646@nu.edu.pk,45231-0867935-6,917-316260,21,CS-4A,23/05/2002,Male,Abdul Rehman,7652
21i-0332,Hussain,Malik,i210332@nu.edu.pk,45231-0867935-7,917-316261,21,CS-4A,06/05/2004,Male,Usman Ali,2937
21i-4479,Imran,Masood,i214479@nu.edu.pk,45231-0867935-8,917-316262,21,CS-4A,09/02/2002,Male,Bilal Ahmed,2036
21i-2686,Iqbal,Mehmood,i212686@nu.edu.pk,45231-0867935-9,917-316263,21,CS-4A,12/06/2002,Male,Hassan Raza,4697
21i-7848,Irfan,Mirza,i217848@nu.edu.pk,45231-0867935-10,917-316264,21,CS-4A,28/04/2004,Male,Muhammad Ali,7839
21i-3442,Ishfaq,Mujahid,i213442@nu.edu.pk,45231-0867935-11,917-316265,21,CS-4A,12/01/2004,Male,Saad Ahmed,4007
21i-2987,Ismail,Mumtaz,i212987@nu.edu.pk,45231-0867935-12,917-316266,21,CS-4A,17/10/2003,Male,Naveed Akhtar,2086
21i-4428,Jamal,Mustafa,i214428@nu.edu.pk,45231-0867935-13,917-316267,21,CS-4A,08/09/2003,Male,Ahsan Khan,1546
21i-1241,Javed,Nadeem,i211241@nu.edu.pk,45231-0867935-14,917-316268,21,CS-4A,27/08/2003,Male,Waqar Ahmed,8745
21i-0379,Junaid,Naqvi,i210379@nu.edu.pk,45231-0867935-15,917-316269,21,CS-4A,14/10/2002,Male,Farhan Ali,4628
21i-1295,Kamran,Nasir,i211295@nu.edu.pk,45231-0867935-16,917-316270,21,CS-4A,25/02/2003,Male,Imran Shah,9710
21i-4431,Kashif,Nawaz,i214431@nu.edu.pk,45231-0867935-17,917-316271,21,CS-4A,26/05/2003,Male,Zain ul Abideen,2357
21i-4923,Khalid,Qadri,i214923@nu.edu.pk,45231-0867935-18,917-316272,21,CS-4A,15/05/2002,Male,Shahbaz Ali,8541
21i-3324,Khurram,Qaisrani,i213324@nu.edu.pk,45231-0867935-19,917-316273,21,CS-4A,19/10/2002,Male,Saif ur Rehman,9427
21i-2307,Liaqat,Qamar,i212307@nu.edu.pk,45231-0867935-20,917-316274,21,CS-4A,11/11/2002,Male,Asad Khan,3175
21i-4416,Luqman,Qureshi,i214416@nu.edu.pk,45231-0867935-21,917-316275,21,CS-4A,02/06/2002,Male,Faisal Ali,7241
21i-6955,Majeed,Raja,i216955@nu.edu.pk,45231-0867935-22,917-316276,21,CS-4A,14/07/2002,Male,Salman Ahmed,2485
21i-1421,Majid,Rana,i211421@nu.edu.pk,45231-0867935-23,917-316277,21,CS-4A,02/07/2002,Male,Qasim Ali,8059
21i-0982,Malik,Rashid,i210982@nu.edu.pk,45231-0867935-24,917-316278,21,CS-4A,30/06/2003,Male,Shehzad Ahmed,3745
21i-6383,Mansoor,Rizvi,i216383@nu.edu.pk,45231-0867935-25,917-316279,21,CS-4A,12/08/2003,Male,Arslan Ali,8690
21i-9527,Maqsood,Sabir,i219527@nu.edu.pk,45231-0867935-26,917-316280,21,CS-4A,15/12/2003,Male,Tariq Mahmood,5208
21i-7844,Masood,Saeed,i217844@nu.edu.pk,45231-0867935-27,917-316281,21,CS-4A,18/01/2003,Male,Usama Ali,7542
21i-5105,Mazhar,Safdar,i215105@nu.edu.pk,45231-0867935-28,917-316282,21,CS-4A,25/02/2004,Male,Noman Khan,6852
21i-6739,Mohsin,Saleem,i216739@nu.edu.pk,45231-0867935-29,917-316283,21,CS-4A,13/05/2003,Male,Kashif Raza,2304
21i-2709,Mujahid,Salman,i212709@nu.edu.pk,45231-0867935-30,917-316284,21,CS-4A,23/03/2004,Male,Kamran Ali,1429
21i-6196,Mujeeb,Sami,i216196@nu.edu.pk,45231-0867935-31,917-316285,21,CS-4A,09/11/2002,Male,Hamza Shah,5913
21i-8142,Muneeb,Sattar,i218142@nu.edu.pk,45231-0867935-32,917-316286,21,CS-4A,22/04/2004,Male,Adnan Ali,7083
21i-4692,Munir,Shah,i214692@nu.edu.pk,45231-0867935-33,917-316287,21,CS-4A,12/02/2004,Male,Waqas Ahmed,7894
21i-8107,Mushtaq,Shahid,i218107@nu.edu.pk,45231-0867935-34,917-316288,21,CS-4A,19/03/2004,Male,Danish Khan,4635
21i-2496,Mustafa,Shakil,i212496@nu.edu.pk,45231-0867935-35,917-316289,21,CS-4A,11/01/2004,Male,Yasir Raza,3628
21i-1865,Nadeem,Sharif,i211865@nu.edu.pk,45231-0867935-36,917-316290,21,CS-4A,13/08/2003,Male,Mudasir Ahmed,7603
21i-7353,Nadir,Sheikh,i217353@nu.edu.pk,45231-0867935-37,917-316291,21,CS-4A,23/12/2002,Male,Babar Ali,4850
21i-2698,Naeem,Siddiqi,i212698@nu.edu.pk,45231-0867935-38,917-316292,21,CS-4A,07/06/2002,Male,Ameer Hamza,9053
21i-8211,Naveed,Siddiqui,i218211@nu.edu.pk,45231-0867935-39,917-316293,21,CS-4A,28/03/2002,Male,Irfan Ahmad,4247
21i-3216,Noman,Sohail,i213216@nu.edu.pk,45231-0867935-40,917-316294,21,CS-4A,05/02/2003,Male,Fahad Ali,1596
21i-1417,Naeem,Sultan,i211417@nu.edu.pk,45231-0867935-41,917-316295,21,CS-4A,16/03/2004,Male,Aamir Khan,8902
21i-1217,Obaid,Tariq,i211217@nu.edu.pk,45231-0867935-42,917-316296,21,CS-4A,18/04/2004,Male,Khalid Raza,4619
21i-1731,Owais,Tirmizi,i211731@nu.edu.pk,45231-0867935-43,917-316297,21,CS-4A,06/04/2003,Male,Hasan Ali,9621
21i-2816,Pervez,Umar,i212816@nu.edu.pk,45231-0867935-44,917-316298,21,CS-4A,19/08/2002,Male,Jahanzeb Ahmed,1406
21i-9122,Qasim,Usman,i219122@nu.edu.pk,45231-0867935-45,917-316299,21,CS-4A,02/11/2003,Male,Zohaib Ali,1523
21i-2567,Qayyum,Waseem,i212567@nu.edu.pk,45231-0867935-46,917-316300,21,CS-4A,27/02/2002,Male,Ahtisham Raza,1852
21i-2537,Qaiser,Yaqoob,i212537@nu.edu.pk,45231-0867935-47,917-316301,21,CS-4A,07/09/2002,Male,Muzammil Ahmed,1957
21i-6796,Qamar,Yasin,i216796@nu.edu.pk,45231-0867935-48,917-316302,21,CS-4A,28/05/2002,Male,Adeel Khan,3672
21i-5858,Qasim,Yousaf,i215858@nu.edu.pk,45231-0867935-49,917-316303,21,CS-4A,23/10/2002,Male,Imtiaz Ali,1762
21i-0389,Rafiq,Yusuf,i210389@nu.edu.pk,45231-0867935-50,917-316304,21,CS-4A,24/09/2002,Male,Shoaib Ahmed,6807
21i-4688,Rais,Zahid,i214688@nu.edu.pk,45231-0867935-51,917-316305,21,CS-4A,23/02/2002,Male,Abrar Raza,1690
21i-2226,Raheel,Zaidi,i212226@nu.edu.pk,45231-0867935-52,917-316306,21,CS-4A,17/06/2003,Male,Arshad Ali,4176
21i-4872,Raja,Zakir,i214872@nu.edu.pk,45231-0867935-53,917-316307,21,CS-4A,10/04/2003,Male,Atif Ahmed,5019
21i-4712,Riaz,Zaman,i214712@nu.edu.pk,45231-0867935-54,917-316308,21,CS-4A,22/08/2003,Male,Talha Khan,7864
21i-1525,Sadiq,Zia,i211525@nu.edu.pk,45231-0867935-55,917-316309,21,CS-4A,08/06/2003,Male,Arif Raza,3624
21i-6878,Sajid,Zaid,i216878@nu.edu.pk,45231-0867935-56,917-316310,21,CS-4A,16/09/2003,Male,Mohsin Ali,7602
21i-4715,Sajjad,Zaki,i214715@nu.edu.pk,45231-0867935-57,917-316311,21,CS-4A,14/01/2004,Male,Naeem Ahmed,2698
21i-0734,Saleem,Zaman,i210734@nu.edu.pk,45231-0867935-58,917-316312,21,CS-4B,09/05/2004,Male,Ashfaq Khan,6450
21i-6044,Salman,Zaheer,i216044@nu.edu.pk,45231-0867935-59,917-316313,21,CS-4B,28/03/2004,Male,Yasir Ali,4012
21i-4065,Sami,Zakiullah,i214065@nu.edu.pk,45231-0867935-60,917-316314,21,CS-4B,21/05/2002,Male,Ehtesham Raza,9035
21i-5576,Sanaullah,Zamanullah,i215576@nu.edu.pk,45231-0867935-61,917-316315,21,CS-4B,18/07/2002,Male,Iqbal Ahmed,7526
21i-1407,Sarmad,Zafar,i211407@nu.edu.pk,45231-0867935-62,917-316316,21,CS-4B,08/08/2002,Male,Omar Khan,7618
21i-9907,Shahbaz,Zahir,i219907@nu.edu.pk,45231-0867935-63,917-316317,21,CS-4B,29/03/2003,Male,Zulfiqar Ali,6147
21i-3219,Shahid,Zaman,i213219@nu.edu.pk,45231-0867935-64,917-316318,21,CS-4B,05/02/2004,Male,Khurram Raza,1605
21i-8531,Shakil,Zeeshan,i218531@nu.edu.pk,45231-0867935-65,917-316319,21,CS-4B,13/03/2004,Male,Asim Ahmed,7346
21i-9192,Shamshad,Zulfiqar,i219192@nu.edu.pk,45231-0867935-66,917-316320,21,CS-4B,01/05/2004,Male,Umar Khan,3975
21i-4988,Shan,Zaman,i214988@nu.edu.pk,45231-0867935-67,917-316321,21,CS-4B,19/05/2002,Male,Saad Raza,8099
21i-8215,Shoaib,Zaid,i218215@nu.edu.pk,45231-0867935-68,917-316322,21,CS-4B,23/04/2002,Male,Zeeshan Ahmed,3415
21i-4086,Shuja,Zia,i214086@nu.edu.pk,45231-0867935-69,917-316323,21,CS-4B,29/09/2002,Male,Junaid Ali,2356
21i-4182,Siddique,Zaki,i214182@nu.edu.pk,45231-0867935-70,917-316324,21,CS-4B,23/06/2002,Male,Salman Raza,6053
21i-0257,Sikandar,Zaman,i210257@nu.edu.pk,45231-0867935-71,917-316325,21,CS-4B,25/06/2003,Male,Javed Ahmed,5907
21i-0156,Sohail,Zaheer,i210156@nu.edu.pk,45231-0867935-72,917-316326,21,CS-4B,09/02/2003,Male,Yousuf Khan,6185
21i-3068,Sultan,Zakiullah,i213068@nu.edu.pk,45231-0867935-73,917-316327,21,CS-4B,15/08/2002,Male,Haris Ali,2186
21i-9099,Sumair,Zamanullah,i219099@nu.edu.pk,45231-0867935-74,917-316328,21,CS-4B,04/12/2003,Male,Abdullah Raza,1625
21i-9343,Tahir,Zafar,i219343@nu.edu.pk,45231-0867935-75,917-316329,21,CS-4B,27/03/2003,Male,Owais Ahmed,8532
21i-7506,Tanveer,Zahir,i217506@nu.edu.pk,45231-0867935-76,917-316330,21,CS-4B,07/09/2002,Male,Nouman Ali,4735
21i-6389,Tariq,Zaman,i216389@nu.edu.pk,45231-0867935-77,917-316331,21,CS-4B,08/10/2002,Male,Sajid Raza,9610
21i-7467,Tauqeer,Zeeshan,i217467@nu.edu.pk,45231-0867935-78,917-316332,21,CS-4B,21/06/2002,Male,Iqraar Ahmed,9758
21i-2907,Umair,Zulfiqar,i212907@nu.edu.pk,45231-0867935-79,917-316333,21,CS-4B,13/08/2002,Male,Qamar Khan,6489
21i-8428,Usman,Zaman,i218428@nu.edu.pk,45231-0867935-80,917-316334,21,CS-4B,09/02/2004,Male,Danish Ali,2761
21i-6672,Waqar,Zaid,i216672@nu.edu.pk,45231-0867935-81,917-316335,21,CS-4B,04/03/2004,Male,Ali Haider,3769
21i-1238,Waseem,Zia,i211238@nu.edu.pk,45231-0867935-82,917-316336,21,CS-4B,07/04/2004,Male,Sarmad Raza,9709
21i-1054,Yasir,Zaki,i211054@nu.edu.pk,45231-0867935-83,917-316337,21,CS-4B,07/05/2002,Male,Ibrar Ahmed,2746
21i-7014,Yousuf,Zaman,i21i7014@nu.edu.pk,45231-0867935-84,917-316338,21,CS-4B,12/07/2003,Male,Abdul Samad,5762
21i-2095,Zahid,Zaheer,i212095@nu.edu.pk,45231-0867935-85,917-316339,21,CS-4B,16/04/2002,Male,Tariq Ali,8502
21i-2771,Zakir,Zakiullah,i212771@nu.edu.pk,45231-0867935-86,917-316340,21,CS-4B,06/01/2004,Male,Naveed Raza,9470
21i-1872,Zameer,Zamanullah,i211872@nu.edu.pk,45231-0867935-87,917-316341,21,CS-4B,02/05/2004,Male,Rehan Ahmed,3821
21i-5309,Zia,Zafar,i215309@nu.edu.pk,45231-0867935-88,917-316342,21,CS-4B,05/03/2004,Male,Ehsan Khan,2596
21i-4049,Zubair,Zahir,i214049@nu.edu.pk,45231-0867935-89,917-316343,21,CS-4B,18/12/2003,Male,Usman Raza,4827
21i-4432,Aaliyah,Zaman,i214431@nu.edu.pk,45231-0867935-90,917-316344,21,CS-4B,20/02/2003,Female,Zafar Ali,6235
21i-1607,Aasia,Zeeshan,i211607@nu.edu.pk,45231-0867935-91,917-316345,21,CS-4B,01/09/2002,Female,Nabeel Ahmed,1206
21i-6312,Abeer,Zulfiqar,i216312@nu.edu.pk,45231-0867935-92,917-316346,21,CS-4B,22/04/2003,Female,Munir Khan,2375
21i-6781,Aisha,Zaman,i216781@nu.edu.pk,45231-0867935-93,917-316347,21,CS-4B,09/07/2003,Female,Safdar Raza,7090
21i-9742,Amara,Zaid,i219742@nu.edu.pk,45231-0867935-94,917-316348,21,CS-4B,24/03/2002,Female,Asif Ahmed,2815
21i-1681,Ambreen,bidi,i211681@nu.edu.pk,45231-0867935-95,917-316349,21,CS-4B,17/06/2002,Female,Ghulam Ali,2468
21i-3079,Amina,Adeel,i213079@nu.edu.pk,45231-0867935-96,917-316350,21,CS-4B,29/08/2002,Female,Ahmed Raza,8563
21i-5379,Ammara,Afzal,i215379@nu.edu.pk,45231-0867935-97,917-316351,21,CS-4B,25/11/2002,Female,Jawad Ahmed,6073
21i-2523,Anam,Akhtar,i212523@nu.edu.pk,45231-0867935-98,917-316352,21,CS-4B,07/06/2003,Female,Fawad Khan,8305
21i-1534,Anila,Amin,i211534@nu.edu.pk,45231-0867935-99,917-316353,21,CS-4B,09/03/2003,Female,Uzair Raza,8213
21i-4501,Anum,Arshad,i214501@nu.edu.pk,45231-0867935-100,917-316354,21,CS-4B,16/10/2002,Female,Uzair Ali,5100
21i-2714,Arfa,Ashfaq,i212714@nu.edu.pk,45231-0867935-101,917-316355,21,CS-4B,29/05/2003,Female,Azhar Ahmed,2873
21i-5812,Arshiya,Aslam,i215812@nu.edu.pk,45231-0867935-102,917-316356,21,CS-4B,22/01/2003,Female,Azeem Khan,3089
21i-5536,Asma,Azam,i215536@nu.edu.pk,45231-0867935-103,917-316357,21,CS-4B,06/12/2003,Female,Aslam Raza,8613
21i-4617,Ayesha,Azhar,i214617@nu.edu.pk,45231-0867935-104,917-316358,21,CS-4B,26/04/2004,Female,Mazhar Ali,6731
21i-2469,Azra,Bari,i212469@nu.edu.pk,45231-0867935-105,917-316359,21,CS-4B,23/09/2003,Female,Adil Ahmed,6317
21i-9623,Beenish,Chohan,i219623@nu.edu.pk,45231-0867935-106,917-316360,21,CS-4B,11/07/2002,Female,Danish Raza,3271
21i-8723,Benazir,Danish,i218723@nu.edu.pk,45231-0867935-107,917-316361,21,CS-4B,10/02/2002,Female,Khalil Ahmed,4896
21i-9504,Bushra,Ehsan,i219504@nu.edu.pk,45231-0867935-108,917-316362,21,CS-4B,09/04/2002,Female,Qadeer Ali,8702
21i-8624,Fariha,Faisal,i218624@nu.edu.pk,45231-0867935-109,917-316363,21,CS-4B,03/02/2004,Female,Mohib Raza,7214
21i-6431,Fatima,Farhan,i216431@nu.edu.pk,45231-0867935-110,917-316364,21,CS-4B,03/09/2002,Female,Shakeel Ahmed,8374
21i-7346,Fauzia,Ghafoor,i217346@nu.edu.pk,45231-0867935-111,917-316365,21,CS-4B,05/06/2002,Female,Sohail Khan,9512
21i-9563,Ghalia,Gul,i219563@nu.edu.pk,45231-0867935-112,917-316366,21,CS-4B,28/02/2003,Female,Fazal Raza,1904
21i-8596,Ghazala,Haider,i218596@nu.edu.pk,45231-0867935-113,917-316367,21,CS-4B,21/11/2003,Female,Umair Ahmed,8057
21i-2756,Hafsa,Hamza,i212756@nu.edu.pk,45231-0867935-114,917-316368,21,CS-4B,11/12/2002,Female,Rizwan Ali,9754
21i-4216,Hania,Haroon,i214216@nu.edu.pk,45231-0867935-115,917-316369,21,CS-4B,19/01/2003,Female,Kashif Ali,2954
21i-8736,Hina,Hasan,i218736@nu.edu.pk,45231-0867935-116,917-316370,21,CS-4B,16/12/2002,Female,Hassan Malik,7658
21i-2046,Humaira,Hayat,i22046@nu.edu.pk,45231-0867935-117,917-316371,21,CS-4B,14/08/2002,Female,Fahad Mahmood,2480
21i-6875,Iqra,Ijaz,i216875@nu.edu.pk,45231-0867935-118,917-316372,21,CS-4A,02/10/2002,Female,Bilal Raza,5624
21i-8370,Jannat,Imran,i218370@nu.edu.pk,45231-0867935-119,917-316373,21,CS-4A,01/01/2004,Female,Ali Abbas,9746
21i-5697,Kainat,Iqbal,i215697@nu.edu.pk,45231-0867935-120,917-316374,21,CS-4A,16/06/2003,Female,Saad Ahmed,7504
21i-4127,Kanwal,Irshad,i214127@nu.edu.pk,45231-0867935-121,917-316375,21,CS-4A,05/04/2004,Female,Arslan Khan,6148
21i-9015,Khadija,Ismail,i219015@nu.edu.pk,45231-0867935-122,917-316376,21,CS-4A,17/05/2002,Female,Farhan Ali,4812
21i-8257,Kiran,Jamil,i218257@nu.edu.pk,45231-0867935-123,917-316377,21,CS-4A,28/06/2002,Female,Faisal Shah,6784
