User_ID,Password,User_Type
5419,aR6#eN8@,Academic Officers
6743,Fh3%qT7@,Academic Officers
8298,sG2$wE6#,Academic Officers
3867,dX9#kR2@,Academic Officers
4225,jZ8&cT4#,Academic Officers
1784,mD4!vE7@,Academic Officers
8356,bY6#pT9$,Academic Officers
2068,nC7$rW8!,Academic Officers
9361,lH5@fS3$,Academic Officers
3971,tJ8%qY9#,Academic Officers
1965,pN9!mW7#,Academic Officers
6357,vL2@kS6#,Academic Officers
5591,cG7$rF3!,Academic Officers
3218,eX4&bY2#,Academic Officers
7625,kZ5#hT7$,Academic Officers
8619,iD3%wR8#,Academic Officers
6142,gB9$pN6#,Academic Officers
1056,oU7@jM2#,Academic Officers
2586,uV6!sQ8#,Academic Officers
5137,rT9#zX2$,Academic Officers
2085,fE6$rW8@,Faculty
7496,hY7!nD5#,Faculty
4629,qG8@tS4$,Faculty
6289,zX5#kR9!,Faculty
7951,wJ2%pN7#,Faculty
2189,sF4!vH6#,Faculty
7036,bT9#cE3$,Faculty
3167,nS6$rY5!,Faculty
1503,mR7#pW4@,Faculty
6103,jN8&kX9#,Faculty
3146,dW3!gZ7#,Faculty
6750,cU6#fV8$,Faculty
8719,aQ9$pM2!,Faculty
9806,lJ7!eH5#,Faculty
7276,tG8&bX6$,Faculty 
8792,vE4#zY9$,Faculty
8510,iH2%rF8@,Faculty
5721,kV5!wD3#,Faculty
5021,pB3$pT7$,Faculty
7473,uZ6#sN4$,Faculty
2697,gC7%yS8@,Faculty
6315,oQ9@xR6!,Faculty
4140,rT4#nF7$,Faculty
1929,fJ6&rW2!,Faculty
6408,hD8$tV9#,Faculty
9586,eX7@kY4$,Faculty
7402,cS5%pN2!,Faculty
9530,zF2#bW8$,Faculty
7092,wU9!mV7$,Faculty
3265,sH8@qT3#,Faculty
7328,bE7#pR4$,Student
7652,nY6$rZ2$,Student
2937,mX4@hD2$,Student
2036,jN5&tF7$,Student
4697,dM6#kV3@,Student
7839,lU9$pG8#,Student
4007,tC7!wB5$,Student
2086,vZ8#eS2$,Student
1546,aQ5$rX7$,Student
8745,gJ2%fH3@,Student
4628,uD3&pV7#,Student
9710,oG6#nT9$,Student
2357,pE9!lW8#,Student
8541,kY5@jX6$,Student
9427,iB8$rZ7!,Student
3175,hN9#gV2#,Student
7241,fT7#sR6$,Student
2485,rV2&tQ8$,Student
8059,eX4@kD9!,Student
3745,cF5#pS3$,Student
8690,zU8!bW4#,Student
5208,wS7$rY6#,Student
7542,sE9%pG4!,Student
6852,bT4#hR6$,Student
2304,nD3!jX7#,Student
1429,mN6$wV8!,Student
5913,jZ7#uT2#,Student
7083,dV8!i,Student
7894,lX9#fS6$,Student
4635,tH2&kY7#,Student
3628,vJ4$pN8@,Student
7603,aG7#eW5$,Student
4850,cR8!sT4#,Student
9053,eB3$hF2@,Student
4247,kU9@qV7!,Student
1596,iM6&rW8#,Student
8902,gF5#tX2$,Student
4619,oZ2!nS4#,Student
9621,uC3@pY8$,Student
1406,pQ4$rT9#,Student
1523,nE7#mV8$,Student
1852,bW6!sY3#,Student
1957,sZ8#jX9$,Student
3672,dH3$pG5$,Student
1762,jT5%rD2#,Student
6807,mN2#vW9$,Student
1690,wX9@fY5$,Student
4176,zV6!tU7#,Student
5019,fQ8$pS5@,Student
7864,hJ9#kE7$,Student
3624,eB5@nZ6$,Student
7602,cD7!rG3#,Student
2698,aM9#pX5$,Student
6450,uS3%pW8#,Student
4012,pU6&kV4#,Student
9035,vT8!sQ2#,Student
7526,lG4$hZ3$,Student
7618,tF5#wR7$,Student
6147,gE9&rY8#,Student
1605,oH6$pN7!,Student
7346,rW2#jX5$,Student
3975,fV7!dS3#,Student
8099,hB9#qT4$,Student
3415,dK4!zY8#,Student
2356,jR7&tN9$,Student
6053,mL8$pX4!,Student
5907,nC9#uW2$,Student
6185,bZ5@tV7#,Student
2186,sP4#yQ9$,Student
1625,wH7$rF6#,Student
8532,zE6!kY8#,Student
4735,cS8$pT3$,Student
9610,aN2#gX9$,Student
9758,uV7!fD4$,Student
6489,pL8@bW2#,Student
2761,vJ9#tR7$,Student
3769,eG4&hZ7#,Student
9709,kF7$rU6#,Student
2746,iH9#nT5$,Student
5762,gX6$pQ2#,Student
8502,oY3#mW7$,Student
9470,rT8@jV9#,Student
3821,fB7#sR9$,Student
2596,hU2!eQ3#,Student
4827,dZ6$pG7#,Student
6235,jD9#kW8$,Student
1206,mC7&nT6#,Student
2375,bV8#pS4$,Student
7090,nQ9@dF5#,Student
2815,sJ6!tE7#,Student
2468,wM5$rY8#,Student
8563,zP7#hX4!,Student
6073,cN9%fG6#,Student
8305,aR4#uW5$,Student
8213,lF6!vS2#,Student
5100,tZ9$rX8!,Student
2873,vE2!bY7#,Student
3089,pK8#mV9$,Student
8613,uT7@jW6#,Student
6731,gV9!sQ3#,Student
6317,oB6#pR7$,Student
3271,rN3&tD7#,Student
4896,fU8%pW9#,Student
8702,hS7@nZ3#,Student
7214,eQ4#kX9$,Student
8374,dH6!tF9#,Student
9512,jY5$rV6#,Student
1904,mZ9#gX4$,Student
8057,bT8!dW7#,Student
9754,nE7#sV4$,Student
2954,sN6%pX9#,Student
7658,wR9@hF4#,Student
2480,zD4!jQ2#,Student
5624,cY6#kT9$,Student
9746,aS8$pV2#,Student
7504,uP3&fW4#,Student
6148,pG5#mX9$,Student
4812,vQ2!tZ7#,Student
6784,lH4$nY7!,Student
8971,tJ7@kX9#,Student
7824,gV9!uW6#,Student
3257,oM6#rZ2#,Student
9708,rB8$hD5#,Student
2301,fX5%pG6#,Student
8450,hK7!sT3#,Student
5492,dN9#jW6$,Student
8934,jF2!mY5#,Student
9780,mC3$rU6!,Student
6573,bZ7#pV8$,Student
3607,sL6!tQ9#,Student
5063,wV8$hE5$,Student
6813,zT5#nF7$,Student
5701,cW2%pJ7#,Student
3952,aX9&rK4$,Student
7435,uQ8!fY5#,Student
8102,pS7#bD4!,Student
2785,vZ4$dN9#,Student
9457,lT6#kR7$,Student
1805,tP3!sM4#,Student
2176,gE7#uX9$,Student
3689,oH2@jW6!,Student
7219,rN4%pY7$,Student
6509,fM8!vZ5#,Student
5836,hJ9#tS6$,Student
1205,dG5!nX2#,Student
3507,jW3$rT7!,Student
5183,mQ9#gF6$,Student
8421,bV8#kD2#,Student
2758,sU6!pT7#,Student
5240,wZ7$hX6#,Student
